<!DOCTYPE hibernate-configuration PUBLIC
        "-//Hibernate/Hibernate Configuration DTD 3.0//EN"
        "http://www.hibernate.org/dtd/hibernate-configuration-3.0.dtd">
<hibernate-configuration>
    <session-factory>
        <!-- JDBC Database connection settings -->
        <property name="connection.driver_class">oracle.jdbc.driver.OracleDriver</property>
        <property name="connection.url">jdbc:oracle:thin:@localhost:1521:xe</property>
        <property name="connection.username">iris2</property>
        <property name="connection.password">iris2</property>
        
        <!-- Select our SQL dialect -->
        <property name="dialect">org.hibernate.dialect.Oracle10gDialect</property>
        <!-- Echo the SQL to stdout -->
        <property name="show_sql">true</property>
        <!-- Drop and re-create the database schema on startup -->
        <property name="hbm2ddl.auto">update</property>
       
       
       	<mapping class="com.iris.models.Person"/>
       	<mapping class="com.iris.models.Product"/>
       	<mapping class="com.iris.models.Category"/>
       	
    </session-factory>
</hibernate-configuration>
